{
  "Author": "akira0245, Ori, SpuriousSnail86",
  "Name": "HSC Midi Driver",
  "InternalName": "HSC",
  "AssemblyVersion": "2.0.2.2",
  "Description": "[WARNING] This is a beta HSC midi driver plugin., it's mostly stable but you may still experience bugs/crashes.\nBard performance using midi files or keyboard.\n- HSC controller support\n- Solo and ensemble mode support\n- Text commands for instrument equip and switch\nSupported by FFXIV Bards & Bands Community: discord.gg/ff14bard",
  "ApplicableVersion": "any",
  "Tags": [
    "Jobs",
    "Utility"
  ],
  "DalamudApiLevel": 6,
  "LoadPriority": 0,
  "Punchline": "[BETA] Bard performance using midi files or keyboard.\nSupported by FFXIV Bards & Bands Community: discord.gg/ff14bard"
}